--
-- PostgreSQL database dump
--

-- Dumped from database version 17.2
-- Dumped by pg_dump version 17.2

SET statement_timeout = 0;
SET lock_timeout = 0;
SET idle_in_transaction_session_timeout = 0;
SET transaction_timeout = 0;
SET client_encoding = 'UTF8';
SET standard_conforming_strings = on;
SELECT pg_catalog.set_config('search_path', '', false);
SET check_function_bodies = false;
SET xmloption = content;
SET client_min_messages = warning;
SET row_security = off;

SET default_tablespace = '';

SET default_table_access_method = heap;

--
-- Name: auth_group; Type: TABLE; Schema: public; Owner: postgres
--

CREATE TABLE public.auth_group (
    id integer NOT NULL,
    name character varying(150) NOT NULL
);


ALTER TABLE public.auth_group OWNER TO postgres;

--
-- Name: auth_group_id_seq; Type: SEQUENCE; Schema: public; Owner: postgres
--

ALTER TABLE public.auth_group ALTER COLUMN id ADD GENERATED BY DEFAULT AS IDENTITY (
    SEQUENCE NAME public.auth_group_id_seq
    START WITH 1
    INCREMENT BY 1
    NO MINVALUE
    NO MAXVALUE
    CACHE 1
);


--
-- Name: auth_group_permissions; Type: TABLE; Schema: public; Owner: postgres
--

CREATE TABLE public.auth_group_permissions (
    id bigint NOT NULL,
    group_id integer NOT NULL,
    permission_id integer NOT NULL
);


ALTER TABLE public.auth_group_permissions OWNER TO postgres;

--
-- Name: auth_group_permissions_id_seq; Type: SEQUENCE; Schema: public; Owner: postgres
--

ALTER TABLE public.auth_group_permissions ALTER COLUMN id ADD GENERATED BY DEFAULT AS IDENTITY (
    SEQUENCE NAME public.auth_group_permissions_id_seq
    START WITH 1
    INCREMENT BY 1
    NO MINVALUE
    NO MAXVALUE
    CACHE 1
);


--
-- Name: auth_permission; Type: TABLE; Schema: public; Owner: postgres
--

CREATE TABLE public.auth_permission (
    id integer NOT NULL,
    name character varying(255) NOT NULL,
    content_type_id integer NOT NULL,
    codename character varying(100) NOT NULL
);


ALTER TABLE public.auth_permission OWNER TO postgres;

--
-- Name: auth_permission_id_seq; Type: SEQUENCE; Schema: public; Owner: postgres
--

ALTER TABLE public.auth_permission ALTER COLUMN id ADD GENERATED BY DEFAULT AS IDENTITY (
    SEQUENCE NAME public.auth_permission_id_seq
    START WITH 1
    INCREMENT BY 1
    NO MINVALUE
    NO MAXVALUE
    CACHE 1
);


--
-- Name: django_admin_log; Type: TABLE; Schema: public; Owner: postgres
--

CREATE TABLE public.django_admin_log (
    id integer NOT NULL,
    action_time timestamp with time zone NOT NULL,
    object_id text,
    object_repr character varying(200) NOT NULL,
    action_flag smallint NOT NULL,
    change_message text NOT NULL,
    content_type_id integer,
    user_id bigint NOT NULL,
    CONSTRAINT django_admin_log_action_flag_check CHECK ((action_flag >= 0))
);


ALTER TABLE public.django_admin_log OWNER TO postgres;

--
-- Name: django_admin_log_id_seq; Type: SEQUENCE; Schema: public; Owner: postgres
--

ALTER TABLE public.django_admin_log ALTER COLUMN id ADD GENERATED BY DEFAULT AS IDENTITY (
    SEQUENCE NAME public.django_admin_log_id_seq
    START WITH 1
    INCREMENT BY 1
    NO MINVALUE
    NO MAXVALUE
    CACHE 1
);


--
-- Name: django_content_type; Type: TABLE; Schema: public; Owner: postgres
--

CREATE TABLE public.django_content_type (
    id integer NOT NULL,
    app_label character varying(100) NOT NULL,
    model character varying(100) NOT NULL
);


ALTER TABLE public.django_content_type OWNER TO postgres;

--
-- Name: django_content_type_id_seq; Type: SEQUENCE; Schema: public; Owner: postgres
--

ALTER TABLE public.django_content_type ALTER COLUMN id ADD GENERATED BY DEFAULT AS IDENTITY (
    SEQUENCE NAME public.django_content_type_id_seq
    START WITH 1
    INCREMENT BY 1
    NO MINVALUE
    NO MAXVALUE
    CACHE 1
);


--
-- Name: django_migrations; Type: TABLE; Schema: public; Owner: postgres
--

CREATE TABLE public.django_migrations (
    id bigint NOT NULL,
    app character varying(255) NOT NULL,
    name character varying(255) NOT NULL,
    applied timestamp with time zone NOT NULL
);


ALTER TABLE public.django_migrations OWNER TO postgres;

--
-- Name: django_migrations_id_seq; Type: SEQUENCE; Schema: public; Owner: postgres
--

ALTER TABLE public.django_migrations ALTER COLUMN id ADD GENERATED BY DEFAULT AS IDENTITY (
    SEQUENCE NAME public.django_migrations_id_seq
    START WITH 1
    INCREMENT BY 1
    NO MINVALUE
    NO MAXVALUE
    CACHE 1
);


--
-- Name: django_session; Type: TABLE; Schema: public; Owner: postgres
--

CREATE TABLE public.django_session (
    session_key character varying(40) NOT NULL,
    session_data text NOT NULL,
    expire_date timestamp with time zone NOT NULL
);


ALTER TABLE public.django_session OWNER TO postgres;

--
-- Name: fiches_agent; Type: TABLE; Schema: public; Owner: postgres
--

CREATE TABLE public.fiches_agent (
    id bigint NOT NULL,
    nom character varying(255) NOT NULL,
    prenoms character varying(255) NOT NULL,
    matricule character varying(50) NOT NULL,
    date_embauche date NOT NULL,
    categorie character varying(100) NOT NULL,
    service_id bigint,
    poste character varying(255),
    tenu_depuis date,
    type_personnel character varying(20) NOT NULL,
    utilisateur_id bigint,
    direction_id bigint,
    sous_direction_id bigint
);


ALTER TABLE public.fiches_agent OWNER TO postgres;

--
-- Name: fiches_agent_id_seq; Type: SEQUENCE; Schema: public; Owner: postgres
--

ALTER TABLE public.fiches_agent ALTER COLUMN id ADD GENERATED BY DEFAULT AS IDENTITY (
    SEQUENCE NAME public.fiches_agent_id_seq
    START WITH 1
    INCREMENT BY 1
    NO MINVALUE
    NO MAXVALUE
    CACHE 1
);


--
-- Name: fiches_direction; Type: TABLE; Schema: public; Owner: postgres
--

CREATE TABLE public.fiches_direction (
    id bigint NOT NULL,
    nom character varying(255) NOT NULL,
    directeur_id bigint,
    sigle character varying(20)
);


ALTER TABLE public.fiches_direction OWNER TO postgres;

--
-- Name: fiches_direction_id_seq; Type: SEQUENCE; Schema: public; Owner: postgres
--

ALTER TABLE public.fiches_direction ALTER COLUMN id ADD GENERATED BY DEFAULT AS IDENTITY (
    SEQUENCE NAME public.fiches_direction_id_seq
    START WITH 1
    INCREMENT BY 1
    NO MINVALUE
    NO MAXVALUE
    CACHE 1
);


--
-- Name: fiches_evaluation; Type: TABLE; Schema: public; Owner: postgres
--

CREATE TABLE public.fiches_evaluation (
    id bigint NOT NULL,
    annee integer NOT NULL,
    semestre integer NOT NULL,
    type_personnel character varying(20) NOT NULL,
    connaissances integer,
    initiative integer,
    rendement integer,
    respect_objectifs integer,
    civisme integer,
    service_public integer,
    relations_humaines integer,
    discipline integer,
    ponctualite integer,
    assiduite integer,
    tenue integer,
    leadership integer,
    planification integer,
    travail_equipe integer,
    resolution_problemes integer,
    prise_decision integer,
    moyenne_rendement double precision,
    moyenne_comportement double precision,
    moyenne_management double precision,
    moyenne_generale double precision,
    est_signe_agent boolean NOT NULL,
    est_signe_directeur boolean NOT NULL,
    avis_directeur text,
    avis_agent text,
    decision_finale character varying(50),
    autres_decision text,
    agent_id bigint NOT NULL,
    fiche_pdf character varying(100),
    assiduite_chef_service integer,
    assiduite_sous_directeur integer,
    avis_chef_service text,
    avis_sous_directeur text,
    chef_service_user_id bigint,
    civisme_chef_service integer,
    civisme_sous_directeur integer,
    connaissances_chef_service integer,
    connaissances_sous_directeur integer,
    directeur_user_id bigint,
    discipline_chef_service integer,
    discipline_sous_directeur integer,
    initiative_chef_service integer,
    initiative_sous_directeur integer,
    leadership_sous_directeur integer,
    planification_sous_directeur integer,
    ponctualite_chef_service integer,
    ponctualite_sous_directeur integer,
    prise_decision_sous_directeur integer,
    relations_humaines_chef_service integer,
    relations_humaines_sous_directeur integer,
    rendement_chef_service integer,
    rendement_sous_directeur integer,
    resolution_problemes_sous_directeur integer,
    respect_objectifs_chef_service integer,
    respect_objectifs_sous_directeur integer,
    service_public_chef_service integer,
    service_public_sous_directeur integer,
    sous_directeur_user_id bigint,
    tenue_chef_service integer,
    tenue_sous_directeur integer,
    travail_equipe_sous_directeur integer,
    date_signature_dg timestamp with time zone,
    est_signe_dg boolean NOT NULL,
    signature_dg character varying(100),
    utilisateur_signature_dg_id bigint,
    moyenne_generale_annuelle double precision,
    mpa_s1 double precision,
    mpa_s2 double precision,
    total_mpa double precision
);


ALTER TABLE public.fiches_evaluation OWNER TO postgres;

--
-- Name: fiches_evaluation_id_seq; Type: SEQUENCE; Schema: public; Owner: postgres
--

ALTER TABLE public.fiches_evaluation ALTER COLUMN id ADD GENERATED BY DEFAULT AS IDENTITY (
    SEQUENCE NAME public.fiches_evaluation_id_seq
    START WITH 1
    INCREMENT BY 1
    NO MINVALUE
    NO MAXVALUE
    CACHE 1
);


--
-- Name: fiches_evaluationstats; Type: TABLE; Schema: public; Owner: postgres
--

CREATE TABLE public.fiches_evaluationstats (
    evaluation_id bigint NOT NULL,
    mp1 double precision,
    mp2 double precision,
    mp3 double precision,
    somme_moyennes_ponderees double precision,
    mpa_s1 double precision,
    mpa_s2 double precision,
    total_mpa double precision,
    moyenne_generale_annuelle double precision,
    moyenne_rendement double precision,
    moyenne_comportement double precision,
    moyenne_management double precision,
    moyenne_generale double precision,
    computed_at timestamp with time zone NOT NULL
);


ALTER TABLE public.fiches_evaluationstats OWNER TO postgres;

--
-- Name: fiches_justificationnote; Type: TABLE; Schema: public; Owner: postgres
--

CREATE TABLE public.fiches_justificationnote (
    id bigint NOT NULL,
    critere character varying(100) NOT NULL,
    note smallint NOT NULL,
    justification text NOT NULL,
    date timestamp with time zone NOT NULL,
    evaluation_id bigint NOT NULL,
    CONSTRAINT fiches_justificationnote_note_check CHECK ((note >= 0))
);


ALTER TABLE public.fiches_justificationnote OWNER TO postgres;

--
-- Name: fiches_justificationnote_id_seq; Type: SEQUENCE; Schema: public; Owner: postgres
--

ALTER TABLE public.fiches_justificationnote ALTER COLUMN id ADD GENERATED BY DEFAULT AS IDENTITY (
    SEQUENCE NAME public.fiches_justificationnote_id_seq
    START WITH 1
    INCREMENT BY 1
    NO MINVALUE
    NO MAXVALUE
    CACHE 1
);


--
-- Name: fiches_periodeevaluation; Type: TABLE; Schema: public; Owner: postgres
--

CREATE TABLE public.fiches_periodeevaluation (
    id bigint NOT NULL,
    annee integer NOT NULL,
    semestre integer NOT NULL,
    date_debut date NOT NULL,
    date_fin date NOT NULL,
    active boolean NOT NULL
);


ALTER TABLE public.fiches_periodeevaluation OWNER TO postgres;

--
-- Name: fiches_periodeevaluation_id_seq; Type: SEQUENCE; Schema: public; Owner: postgres
--

ALTER TABLE public.fiches_periodeevaluation ALTER COLUMN id ADD GENERATED BY DEFAULT AS IDENTITY (
    SEQUENCE NAME public.fiches_periodeevaluation_id_seq
    START WITH 1
    INCREMENT BY 1
    NO MINVALUE
    NO MAXVALUE
    CACHE 1
);


--
-- Name: fiches_service; Type: TABLE; Schema: public; Owner: postgres
--

CREATE TABLE public.fiches_service (
    id bigint NOT NULL,
    nom character varying(255) NOT NULL,
    chef_service_id bigint NOT NULL,
    sous_direction_id bigint NOT NULL
);


ALTER TABLE public.fiches_service OWNER TO postgres;

--
-- Name: fiches_service_id_seq; Type: SEQUENCE; Schema: public; Owner: postgres
--

ALTER TABLE public.fiches_service ALTER COLUMN id ADD GENERATED BY DEFAULT AS IDENTITY (
    SEQUENCE NAME public.fiches_service_id_seq
    START WITH 1
    INCREMENT BY 1
    NO MINVALUE
    NO MAXVALUE
    CACHE 1
);


--
-- Name: fiches_sousdirection; Type: TABLE; Schema: public; Owner: postgres
--

CREATE TABLE public.fiches_sousdirection (
    id bigint NOT NULL,
    nom character varying(255) NOT NULL,
    direction_id bigint NOT NULL,
    sous_directeur_id bigint
);


ALTER TABLE public.fiches_sousdirection OWNER TO postgres;

--
-- Name: fiches_sousdirection_id_seq; Type: SEQUENCE; Schema: public; Owner: postgres
--

ALTER TABLE public.fiches_sousdirection ALTER COLUMN id ADD GENERATED BY DEFAULT AS IDENTITY (
    SEQUENCE NAME public.fiches_sousdirection_id_seq
    START WITH 1
    INCREMENT BY 1
    NO MINVALUE
    NO MAXVALUE
    CACHE 1
);


--
-- Name: fiches_userprofile; Type: TABLE; Schema: public; Owner: postgres
--

CREATE TABLE public.fiches_userprofile (
    id bigint NOT NULL,
    signature character varying(100),
    user_id bigint NOT NULL
);


ALTER TABLE public.fiches_userprofile OWNER TO postgres;

--
-- Name: fiches_userprofile_id_seq; Type: SEQUENCE; Schema: public; Owner: postgres
--

ALTER TABLE public.fiches_userprofile ALTER COLUMN id ADD GENERATED BY DEFAULT AS IDENTITY (
    SEQUENCE NAME public.fiches_userprofile_id_seq
    START WITH 1
    INCREMENT BY 1
    NO MINVALUE
    NO MAXVALUE
    CACHE 1
);


--
-- Name: fiches_utilisateur; Type: TABLE; Schema: public; Owner: postgres
--

CREATE TABLE public.fiches_utilisateur (
    id bigint NOT NULL,
    password character varying(128) NOT NULL,
    last_login timestamp with time zone,
    is_superuser boolean NOT NULL,
    username character varying(150) NOT NULL,
    first_name character varying(150) NOT NULL,
    last_name character varying(150) NOT NULL,
    email character varying(254) NOT NULL,
    is_staff boolean NOT NULL,
    is_active boolean NOT NULL,
    date_joined timestamp with time zone NOT NULL,
    role character varying(20) NOT NULL,
    matricule character varying(50)
);


ALTER TABLE public.fiches_utilisateur OWNER TO postgres;

--
-- Name: fiches_utilisateur_groups; Type: TABLE; Schema: public; Owner: postgres
--

CREATE TABLE public.fiches_utilisateur_groups (
    id bigint NOT NULL,
    utilisateur_id bigint NOT NULL,
    group_id integer NOT NULL
);


ALTER TABLE public.fiches_utilisateur_groups OWNER TO postgres;

--
-- Name: fiches_utilisateur_groups_id_seq; Type: SEQUENCE; Schema: public; Owner: postgres
--

ALTER TABLE public.fiches_utilisateur_groups ALTER COLUMN id ADD GENERATED BY DEFAULT AS IDENTITY (
    SEQUENCE NAME public.fiches_utilisateur_groups_id_seq
    START WITH 1
    INCREMENT BY 1
    NO MINVALUE
    NO MAXVALUE
    CACHE 1
);


--
-- Name: fiches_utilisateur_id_seq; Type: SEQUENCE; Schema: public; Owner: postgres
--

ALTER TABLE public.fiches_utilisateur ALTER COLUMN id ADD GENERATED BY DEFAULT AS IDENTITY (
    SEQUENCE NAME public.fiches_utilisateur_id_seq
    START WITH 1
    INCREMENT BY 1
    NO MINVALUE
    NO MAXVALUE
    CACHE 1
);


--
-- Name: fiches_utilisateur_user_permissions; Type: TABLE; Schema: public; Owner: postgres
--

CREATE TABLE public.fiches_utilisateur_user_permissions (
    id bigint NOT NULL,
    utilisateur_id bigint NOT NULL,
    permission_id integer NOT NULL
);


ALTER TABLE public.fiches_utilisateur_user_permissions OWNER TO postgres;

--
-- Name: fiches_utilisateur_user_permissions_id_seq; Type: SEQUENCE; Schema: public; Owner: postgres
--

ALTER TABLE public.fiches_utilisateur_user_permissions ALTER COLUMN id ADD GENERATED BY DEFAULT AS IDENTITY (
    SEQUENCE NAME public.fiches_utilisateur_user_permissions_id_seq
    START WITH 1
    INCREMENT BY 1
    NO MINVALUE
    NO MAXVALUE
    CACHE 1
);


--
-- Data for Name: auth_group; Type: TABLE DATA; Schema: public; Owner: postgres
--

COPY public.auth_group (id, name) FROM stdin;
\.


--
-- Data for Name: auth_group_permissions; Type: TABLE DATA; Schema: public; Owner: postgres
--

COPY public.auth_group_permissions (id, group_id, permission_id) FROM stdin;
\.


--
-- Data for Name: auth_permission; Type: TABLE DATA; Schema: public; Owner: postgres
--

COPY public.auth_permission (id, name, content_type_id, codename) FROM stdin;
1	Can add log entry	1	add_logentry
2	Can change log entry	1	change_logentry
3	Can delete log entry	1	delete_logentry
4	Can view log entry	1	view_logentry
5	Can add permission	2	add_permission
6	Can change permission	2	change_permission
7	Can delete permission	2	delete_permission
8	Can view permission	2	view_permission
9	Can add group	3	add_group
10	Can change group	3	change_group
11	Can delete group	3	delete_group
12	Can view group	3	view_group
13	Can add content type	4	add_contenttype
14	Can change content type	4	change_contenttype
15	Can delete content type	4	delete_contenttype
16	Can view content type	4	view_contenttype
17	Can add session	5	add_session
18	Can change session	5	change_session
19	Can delete session	5	delete_session
20	Can view session	5	view_session
21	Can add user	6	add_utilisateur
22	Can change user	6	change_utilisateur
23	Can delete user	6	delete_utilisateur
24	Can view user	6	view_utilisateur
25	Can add direction	7	add_direction
26	Can change direction	7	change_direction
27	Can delete direction	7	delete_direction
28	Can view direction	7	view_direction
29	Can add agent	8	add_agent
30	Can change agent	8	change_agent
31	Can delete agent	8	delete_agent
32	Can view agent	8	view_agent
33	Can add evaluation	9	add_evaluation
34	Can change evaluation	9	change_evaluation
35	Can delete evaluation	9	delete_evaluation
36	Can view evaluation	9	view_evaluation
37	Can add sous direction	10	add_sousdirection
38	Can change sous direction	10	change_sousdirection
39	Can delete sous direction	10	delete_sousdirection
40	Can view sous direction	10	view_sousdirection
41	Can add user profile	11	add_userprofile
42	Can change user profile	11	change_userprofile
43	Can delete user profile	11	delete_userprofile
44	Can view user profile	11	view_userprofile
45	Can add justification note	12	add_justificationnote
46	Can change justification note	12	change_justificationnote
47	Can delete justification note	12	delete_justificationnote
48	Can view justification note	12	view_justificationnote
49	Can add periode evaluation	13	add_periodeevaluation
50	Can change periode evaluation	13	change_periodeevaluation
51	Can delete periode evaluation	13	delete_periodeevaluation
52	Can view periode evaluation	13	view_periodeevaluation
53	Can add service	14	add_service
54	Can change service	14	change_service
55	Can delete service	14	delete_service
56	Can view service	14	view_service
57	Can add evaluation stats	15	add_evaluationstats
58	Can change evaluation stats	15	change_evaluationstats
59	Can delete evaluation stats	15	delete_evaluationstats
60	Can view evaluation stats	15	view_evaluationstats
\.


--
-- Data for Name: django_admin_log; Type: TABLE DATA; Schema: public; Owner: postgres
--

COPY public.django_admin_log (id, action_time, object_id, object_repr, action_flag, change_message, content_type_id, user_id) FROM stdin;
1	2025-11-24 10:01:04.944065+00	2	2011T00 (Directeur)	1	[{"added": {}}]	6	1
2	2025-11-24 10:01:40.959374+00	1	Direction de l'Informatique et de la Cartographie	1	[{"added": {}}]	7	1
3	2025-11-24 10:02:47.93097+00	3	2011T01 (Sous‑directeur)	1	[{"added": {}}]	6	1
4	2025-11-24 10:03:33.742804+00	4	2011T02 (Chef de service)	1	[{"added": {}}]	6	1
5	2025-11-24 10:04:29.076291+00	1	SousDirection object (1)	1	[{"added": {}}]	10	1
6	2025-11-24 10:06:09.089923+00	1	Service études et développement informatique – Sous-direction de l'Informatique	1	[{"added": {}}]	14	1
7	2025-11-24 10:07:34.801831+00	5	2011T23 (Agent)	1	[{"added": {}}]	6	1
8	2025-11-24 10:08:59.354966+00	1	TOURE MOUSTAPHA (2011T23)	1	[{"added": {}}]	8	1
9	2025-11-24 11:09:24.179908+00	6	RH (RH)	1	[{"added": {}}]	6	1
10	2025-11-24 11:44:23.765666+00	7	DG (Directeur Général)	1	[{"added": {}}]	6	1
11	2025-11-24 12:04:14.553825+00	2	DIOMANDE Syndou (2011T00)	1	[{"added": {}}]	8	1
12	2025-11-24 14:29:36.354063+00	8	2011T24 (Agent)	1	[{"added": {}}]	6	1
13	2025-11-24 14:30:40.741207+00	3	CAMARA Abdoul Karim (2011T24)	1	[{"added": {}}]	8	1
14	2025-11-24 14:31:44.042399+00	8	2011T24 (Chef de service)	2	[{"changed": {"fields": ["Role"]}}]	6	1
15	2025-11-24 14:32:02.819789+00	8	2011T24 (Agent)	2	[{"changed": {"fields": ["Role"]}}]	6	1
16	2025-11-24 14:33:37.261709+00	4	KANDO IBRAHIM (2011T02)	1	[{"added": {}}]	8	1
17	2025-11-24 14:35:14.639241+00	5	COULIBALY MAMADOU (2011T01)	1	[{"added": {}}]	8	1
18	2025-11-24 14:35:28.790836+00	4	KANDO IBRAHIM (2011T02)	2	[{"changed": {"fields": ["Service"]}}]	8	1
19	2025-11-24 14:38:15.558828+00	3	CAMARA Abdoul Karim (2011T24)	2	[]	8	1
20	2025-11-24 14:38:35.818984+00	3	CAMARA Abdoul Karim (2011T24)	2	[{"changed": {"fields": ["Type personnel"]}}]	8	1
21	2025-11-24 15:10:45.416843+00	2	Évaluation de KANDO IBRAHIM (2011T02) (2011T02) - 2025/1	3		9	1
\.


--
-- Data for Name: django_content_type; Type: TABLE DATA; Schema: public; Owner: postgres
--

COPY public.django_content_type (id, app_label, model) FROM stdin;
1	admin	logentry
2	auth	permission
3	auth	group
4	contenttypes	contenttype
5	sessions	session
6	fiches	utilisateur
7	fiches	direction
8	fiches	agent
9	fiches	evaluation
10	fiches	sousdirection
11	fiches	userprofile
12	fiches	justificationnote
13	fiches	periodeevaluation
14	fiches	service
15	fiches	evaluationstats
\.


--
-- Data for Name: django_migrations; Type: TABLE DATA; Schema: public; Owner: postgres
--

COPY public.django_migrations (id, app, name, applied) FROM stdin;
1	contenttypes	0001_initial	2025-11-24 09:15:18.960698+00
2	contenttypes	0002_remove_content_type_name	2025-11-24 09:15:18.968611+00
3	auth	0001_initial	2025-11-24 09:15:19.004786+00
4	auth	0002_alter_permission_name_max_length	2025-11-24 09:15:19.00848+00
5	auth	0003_alter_user_email_max_length	2025-11-24 09:15:19.012616+00
6	auth	0004_alter_user_username_opts	2025-11-24 09:15:19.016754+00
7	auth	0005_alter_user_last_login_null	2025-11-24 09:15:19.021092+00
8	auth	0006_require_contenttypes_0002	2025-11-24 09:15:19.02265+00
9	auth	0007_alter_validators_add_error_messages	2025-11-24 09:15:19.027411+00
10	auth	0008_alter_user_username_max_length	2025-11-24 09:15:19.03239+00
11	auth	0009_alter_user_last_name_max_length	2025-11-24 09:15:19.037255+00
12	auth	0010_alter_group_name_max_length	2025-11-24 09:15:19.044224+00
13	auth	0011_update_proxy_permissions	2025-11-24 09:15:19.050194+00
14	auth	0012_alter_user_first_name_max_length	2025-11-24 09:15:19.054399+00
15	fiches	0001_initial	2025-11-24 09:15:19.171912+00
16	admin	0001_initial	2025-11-24 09:15:19.194431+00
17	admin	0002_logentry_remove_auto_add	2025-11-24 09:15:19.200769+00
18	admin	0003_logentry_add_action_flag_choices	2025-11-24 09:15:19.207993+00
19	fiches	0002_justificationnote	2025-11-24 09:15:19.232136+00
20	fiches	0003_alter_evaluation_assiduite_alter_evaluation_civisme_and_more	2025-11-24 09:15:19.27441+00
21	fiches	0004_evaluation_fiche_pdf	2025-11-24 09:15:19.282045+00
22	fiches	0005_delete_reclamationagent	2025-11-24 09:15:19.287983+00
23	fiches	0006_periodeevaluation	2025-11-24 09:15:19.302732+00
24	fiches	0007_alter_utilisateur_role	2025-11-24 09:15:19.310367+00
25	fiches	0008_sousdirection_sous_directeur_and_more	2025-11-24 09:15:19.359428+00
26	fiches	0009_alter_sousdirection_nom	2025-11-24 09:15:19.374077+00
27	fiches	0010_alter_agent_service	2025-11-24 09:15:19.394764+00
28	fiches	0011_alter_evaluation_options_and_more	2025-11-24 09:15:19.792473+00
29	fiches	0012_rename_ponctualité_evaluation_ponctualite_and_more	2025-11-24 09:15:19.806166+00
30	fiches	0013_rename_ponctualité_evaluation_ponctualite_and_more	2025-11-24 09:15:19.846242+00
31	fiches	0014_evaluationstats	2025-11-24 09:15:19.859971+00
32	sessions	0001_initial	2025-11-24 09:15:19.86971+00
33	fiches	0015_evaluation_moyenne_generale_annuelle_and_more	2025-11-24 11:57:46.5326+00
34	fiches	0016_direction_sigle	2025-11-24 12:45:50.871848+00
\.


--
-- Data for Name: django_session; Type: TABLE DATA; Schema: public; Owner: postgres
--

COPY public.django_session (session_key, session_data, expire_date) FROM stdin;
2ytqipbudbnjm0ng039o6mny3tmxknyx	.eJxVjEEOwiAQRe_C2hCoUMSle89AZpgZqRpISrsy3l2bdKHb_977L5VgXUpaO89pInVWgzr8bgj5wXUDdId6azq3uswT6k3RO-362oifl939OyjQy7cWx4YjcPZR4CSSDQbvnWUM1kcb0DGxMHvBPMqIltBlR4MJho9ApN4fI0w5tQ:1vNf5r:wl_b6EwUaBwmUSns14xgkRcnPjrjFqO1w-tbZMK1lKk	2025-12-08 22:31:35.880206+00
u0iaq97o79bm6az0heg0lggd9vms50sv	.eJxVjEEOwiAQRe_C2pCBlsK4dO8ZyDCAVA0kpV0Z765NutDtf-_9l_C0rcVvPS1-juIsrDj9boH4keoO4p3qrUludV3mIHdFHrTLa4vpeTncv4NCvXxrRSYEPYLRjI6R0BAjuik6jRa0MSOjCoBJZ7BIeqKQOMMwUFIQYxbvD9IPN9Y:1vNsMB:Cj7xnounuiw7-MHT8ztlRa0sX3x_A3OlMO4aDRdfpzk	2025-12-09 12:41:19.290195+00
\.


--
-- Data for Name: fiches_agent; Type: TABLE DATA; Schema: public; Owner: postgres
--

COPY public.fiches_agent (id, nom, prenoms, matricule, date_embauche, categorie, service_id, poste, tenu_depuis, type_personnel, utilisateur_id, direction_id, sous_direction_id) FROM stdin;
1	TOURE	MOUSTAPHA	2011T23	2023-11-13	CM2	1	Charger d'études	2023-11-13	agent	5	1	1
2	DIOMANDE	Syndou	2011T00	2025-11-11	CS	\N	Directeur	2023-11-13	responsable	2	1	\N
5	COULIBALY	MAMADOU	2011T01	2022-11-02	CS2	\N	Sous-directeur	2023-11-13	responsable	3	1	1
4	KANDO	IBRAHIM	2011T02	2022-11-02	CS4	1	Chef de service	2023-11-13	responsable	4	1	1
3	CAMARA	Abdoul Karim	2011T24	2022-09-01	CS2	1	Charger d'études	2022-09-01	agent	8	1	1
\.


--
-- Data for Name: fiches_direction; Type: TABLE DATA; Schema: public; Owner: postgres
--

COPY public.fiches_direction (id, nom, directeur_id, sigle) FROM stdin;
1	Direction de l'Informatique et de la Cartographie	2	DIC
\.


--
-- Data for Name: fiches_evaluation; Type: TABLE DATA; Schema: public; Owner: postgres
--

COPY public.fiches_evaluation (id, annee, semestre, type_personnel, connaissances, initiative, rendement, respect_objectifs, civisme, service_public, relations_humaines, discipline, ponctualite, assiduite, tenue, leadership, planification, travail_equipe, resolution_problemes, prise_decision, moyenne_rendement, moyenne_comportement, moyenne_management, moyenne_generale, est_signe_agent, est_signe_directeur, avis_directeur, avis_agent, decision_finale, autres_decision, agent_id, fiche_pdf, assiduite_chef_service, assiduite_sous_directeur, avis_chef_service, avis_sous_directeur, chef_service_user_id, civisme_chef_service, civisme_sous_directeur, connaissances_chef_service, connaissances_sous_directeur, directeur_user_id, discipline_chef_service, discipline_sous_directeur, initiative_chef_service, initiative_sous_directeur, leadership_sous_directeur, planification_sous_directeur, ponctualite_chef_service, ponctualite_sous_directeur, prise_decision_sous_directeur, relations_humaines_chef_service, relations_humaines_sous_directeur, rendement_chef_service, rendement_sous_directeur, resolution_problemes_sous_directeur, respect_objectifs_chef_service, respect_objectifs_sous_directeur, service_public_chef_service, service_public_sous_directeur, sous_directeur_user_id, tenue_chef_service, tenue_sous_directeur, travail_equipe_sous_directeur, date_signature_dg, est_signe_dg, signature_dg, utilisateur_signature_dg_id, moyenne_generale_annuelle, mpa_s1, mpa_s2, total_mpa) FROM stdin;
4	2025	2	agent	3	4	3	4	3	3	4	4	4	3	4	\N	\N	\N	\N	\N	3.5	3.5714285714285716	0	3.5238095238095237	t	t	Bon agent	BIEN SEMESTRE DEUX	["promotion", "augmentation"]		1		4	4	Bien		\N	3	3	4	4	\N	4	4	4	4	\N	\N	4	3	\N	4	3	3	4	\N	3	3	4	3	\N	4	4	\N	2025-11-24 21:12:10.169257+00	t	signatures/Siganture_DS_atRrafw.png	7	3.563	3.643	7.048	10.69
1	2025	1	agent	4	3	4	4	4	4	3	4	3	3	3	\N	\N	\N	\N	\N	3.75	3.4285714285714284	0	3.642857142857143	t	t	Bon agent	Bien monsieur le Directeur	["promotion", "augmentation"]		1		3	4	Bon agent		\N	4	4	3	3	\N	3	4	3	4	\N	\N	4	4	\N	3	5	4	4	\N	4	4	3	3	\N	3	4	\N	2025-11-24 11:45:56.549745+00	t		7	\N	\N	\N	\N
5	2025	1	responsable	3	4	4	4	4	4	4	3	4	4	4	4	4	4	4	4	3.75	3.857142857142857	4	3.8714285714285714	t	f	BON	BIEN DG	["augmentation"]		2		\N	\N	\N	\N	\N	\N	\N	\N	\N	\N	\N	\N	\N	\N	\N	\N	\N	\N	\N	\N	\N	\N	\N	\N	\N	\N	\N	\N	\N	\N	\N	\N	2025-11-24 23:00:07.585387+00	t	signatures/Siganture_DS_atRrafw.png	7	\N	\N	\N	\N
3	2025	1	responsable	4	3	4	4	3	3	4	3	4	4	4	3	4	4	3	4	3.75	3.5714285714285716	3.6	3.6542857142857144	t	t	BON AGENT	BIEN NOTE DIC	["promotion"]		4		\N	4	\N	Bon agent	\N	\N	4	\N	4	\N	\N	4	\N	3	4	4	\N	4	4	\N	4	\N	4	4	\N	4	\N	4	\N	\N	3	3	2025-11-24 15:59:06.382336+00	t	signatures/Siganture_DS_atRrafw.png	7	\N	\N	\N	\N
\.


--
-- Data for Name: fiches_evaluationstats; Type: TABLE DATA; Schema: public; Owner: postgres
--

COPY public.fiches_evaluationstats (evaluation_id, mp1, mp2, mp3, somme_moyennes_ponderees, mpa_s1, mpa_s2, total_mpa, moyenne_generale_annuelle, moyenne_rendement, moyenne_comportement, moyenne_management, moyenne_generale, computed_at) FROM stdin;
1	7.5	3.4285714285714284	0	10.928571428571429	\N	\N	\N	\N	3.75	3.4285714285714284	\N	3.642857142857143	2025-11-24 11:18:28.316593+00
3	7.5	3.5714285714285716	7.2	18.271428571428572	\N	\N	\N	\N	3.75	3.5714285714285716	3.6	3.6542857142857144	2025-11-24 15:14:03.929768+00
4	7	3.5714285714285716	0	10.571428571428571	3.643	7.048	10.691	3.564	3.5	3.5714285714285716	\N	3.5238095238095237	2025-11-24 21:03:01.730414+00
5	7.5	3.857142857142857	8	19.357142857142858	\N	\N	\N	\N	3.75	3.857142857142857	4	3.8714285714285714	2025-11-24 22:29:46.968401+00
\.


--
-- Data for Name: fiches_justificationnote; Type: TABLE DATA; Schema: public; Owner: postgres
--

COPY public.fiches_justificationnote (id, critere, note, justification, date, evaluation_id) FROM stdin;
1	relations_humaines_sous_directeur	5	Très bon	2025-11-24 11:22:58.124562+00	1
\.


--
-- Data for Name: fiches_periodeevaluation; Type: TABLE DATA; Schema: public; Owner: postgres
--

COPY public.fiches_periodeevaluation (id, annee, semestre, date_debut, date_fin, active) FROM stdin;
2	2025	2	2025-11-23	2025-11-28	f
1	2025	1	2025-11-23	2025-11-27	t
\.


--
-- Data for Name: fiches_service; Type: TABLE DATA; Schema: public; Owner: postgres
--

COPY public.fiches_service (id, nom, chef_service_id, sous_direction_id) FROM stdin;
1	Service études et développement informatique	4	1
\.


--
-- Data for Name: fiches_sousdirection; Type: TABLE DATA; Schema: public; Owner: postgres
--

COPY public.fiches_sousdirection (id, nom, direction_id, sous_directeur_id) FROM stdin;
1	Sous-direction de l'Informatique	1	3
\.


--
-- Data for Name: fiches_userprofile; Type: TABLE DATA; Schema: public; Owner: postgres
--

COPY public.fiches_userprofile (id, signature, user_id) FROM stdin;
2		3
4	signatures/Siganture_Toure_R4qvZcP.png	5
1	signatures/Siganture_DS_07nA9R5.png	2
3	signatures/Capture_décran_2025-06-03_211136_cT9Vkpy.png	4
5	signatures/Siganture_DS_atRrafw.png	7
\.


--
-- Data for Name: fiches_utilisateur; Type: TABLE DATA; Schema: public; Owner: postgres
--

COPY public.fiches_utilisateur (id, password, last_login, is_superuser, username, first_name, last_name, email, is_staff, is_active, date_joined, role, matricule) FROM stdin;
5	pbkdf2_sha256$600000$ikRQSbhzTqa1LECs6B95ny$LcCpcXhJQdoOkaxJrimw/VEAAwLZQX/dR+BkalU359w=	2025-11-24 21:06:45.119161+00	f	2011T23			mouphty1@gmail.com	f	t	2025-11-24 10:07:34.283305+00	agent	\N
6	pbkdf2_sha256$600000$DpS7f7YM8HxkmJWRyLFU9V$TPZreDcjbXpTbJkQD5VvrX6UAjGtfLx2iol2q3Mbni4=	2025-11-24 22:15:13.763543+00	f	RH				f	t	2025-11-24 11:09:23.928429+00	rh	\N
2	pbkdf2_sha256$600000$Mgl3C5TqPHqvrPhyF1MS4I$9sJbOuGNMGqjsvgxr7z5IFxN6bF7G6+zz4UgaGOkl6w=	2025-11-24 22:31:35.877967+00	f	2011T00				f	t	2025-11-24 10:01:04.48209+00	directeur	\N
3	pbkdf2_sha256$600000$EdqZj5gK19iwl48PPa0xa6$bbj2hU6hPpsK46MSk15ySZXWqxxETX10OmKC2sWIIG8=	2025-11-25 11:36:13.184854+00	f	2011T01				f	t	2025-11-24 10:02:47.400225+00	sous_directeur	\N
4	pbkdf2_sha256$600000$LMoVq3OoAh5GZFZSOdammI$Y0YrF0D6LbpFIWI7t19vW3Fk9SEhK3BNOvOCdErnfUU=	2025-11-25 12:39:36.418581+00	f	2011T02				f	t	2025-11-24 10:03:33.245568+00	chef_service	\N
7	pbkdf2_sha256$600000$mFG6x9jlJx2SscnsFHIlET$FGqeRtVQgx4rT3uHwg3kzuLzaDt5mjFiCrRQhkLOhGw=	2025-11-25 12:41:19.287228+00	f	DG				f	t	2025-11-24 11:44:23.241183+00	directeur_general	\N
8	pbkdf2_sha256$600000$DQx12QoesD1FRElFAfdWVI$tXdXghlcgTSqY36gOxXPD5Q0YTM2SaB19yX08X5hlYA=	\N	f	2011T24				f	t	2025-11-24 14:29:35+00	agent	\N
1	pbkdf2_sha256$600000$U5kdV7thB76QKiNXdktoty$SGOEJ1H2JOAG8kA4ogX7wdnnSEa/Fgv6lTrb5IUk8Ug=	2025-11-24 15:10:15.234573+00	t	admin				t	t	2025-11-24 09:17:24.977721+00	agent	\N
\.


--
-- Data for Name: fiches_utilisateur_groups; Type: TABLE DATA; Schema: public; Owner: postgres
--

COPY public.fiches_utilisateur_groups (id, utilisateur_id, group_id) FROM stdin;
\.


--
-- Data for Name: fiches_utilisateur_user_permissions; Type: TABLE DATA; Schema: public; Owner: postgres
--

COPY public.fiches_utilisateur_user_permissions (id, utilisateur_id, permission_id) FROM stdin;
\.


--
-- Name: auth_group_id_seq; Type: SEQUENCE SET; Schema: public; Owner: postgres
--

SELECT pg_catalog.setval('public.auth_group_id_seq', 1, false);


--
-- Name: auth_group_permissions_id_seq; Type: SEQUENCE SET; Schema: public; Owner: postgres
--

SELECT pg_catalog.setval('public.auth_group_permissions_id_seq', 1, false);


--
-- Name: auth_permission_id_seq; Type: SEQUENCE SET; Schema: public; Owner: postgres
--

SELECT pg_catalog.setval('public.auth_permission_id_seq', 60, true);


--
-- Name: django_admin_log_id_seq; Type: SEQUENCE SET; Schema: public; Owner: postgres
--

SELECT pg_catalog.setval('public.django_admin_log_id_seq', 21, true);


--
-- Name: django_content_type_id_seq; Type: SEQUENCE SET; Schema: public; Owner: postgres
--

SELECT pg_catalog.setval('public.django_content_type_id_seq', 15, true);


--
-- Name: django_migrations_id_seq; Type: SEQUENCE SET; Schema: public; Owner: postgres
--

SELECT pg_catalog.setval('public.django_migrations_id_seq', 34, true);


--
-- Name: fiches_agent_id_seq; Type: SEQUENCE SET; Schema: public; Owner: postgres
--

SELECT pg_catalog.setval('public.fiches_agent_id_seq', 5, true);


--
-- Name: fiches_direction_id_seq; Type: SEQUENCE SET; Schema: public; Owner: postgres
--

SELECT pg_catalog.setval('public.fiches_direction_id_seq', 1, true);


--
-- Name: fiches_evaluation_id_seq; Type: SEQUENCE SET; Schema: public; Owner: postgres
--

SELECT pg_catalog.setval('public.fiches_evaluation_id_seq', 5, true);


--
-- Name: fiches_justificationnote_id_seq; Type: SEQUENCE SET; Schema: public; Owner: postgres
--

SELECT pg_catalog.setval('public.fiches_justificationnote_id_seq', 1, true);


--
-- Name: fiches_periodeevaluation_id_seq; Type: SEQUENCE SET; Schema: public; Owner: postgres
--

SELECT pg_catalog.setval('public.fiches_periodeevaluation_id_seq', 2, true);


--
-- Name: fiches_service_id_seq; Type: SEQUENCE SET; Schema: public; Owner: postgres
--

SELECT pg_catalog.setval('public.fiches_service_id_seq', 1, true);


--
-- Name: fiches_sousdirection_id_seq; Type: SEQUENCE SET; Schema: public; Owner: postgres
--

SELECT pg_catalog.setval('public.fiches_sousdirection_id_seq', 1, true);


--
-- Name: fiches_userprofile_id_seq; Type: SEQUENCE SET; Schema: public; Owner: postgres
--

SELECT pg_catalog.setval('public.fiches_userprofile_id_seq', 5, true);


--
-- Name: fiches_utilisateur_groups_id_seq; Type: SEQUENCE SET; Schema: public; Owner: postgres
--

SELECT pg_catalog.setval('public.fiches_utilisateur_groups_id_seq', 1, false);


--
-- Name: fiches_utilisateur_id_seq; Type: SEQUENCE SET; Schema: public; Owner: postgres
--

SELECT pg_catalog.setval('public.fiches_utilisateur_id_seq', 8, true);


--
-- Name: fiches_utilisateur_user_permissions_id_seq; Type: SEQUENCE SET; Schema: public; Owner: postgres
--

SELECT pg_catalog.setval('public.fiches_utilisateur_user_permissions_id_seq', 1, false);


--
-- Name: auth_group auth_group_name_key; Type: CONSTRAINT; Schema: public; Owner: postgres
--

ALTER TABLE ONLY public.auth_group
    ADD CONSTRAINT auth_group_name_key UNIQUE (name);


--
-- Name: auth_group_permissions auth_group_permissions_group_id_permission_id_0cd325b0_uniq; Type: CONSTRAINT; Schema: public; Owner: postgres
--

ALTER TABLE ONLY public.auth_group_permissions
    ADD CONSTRAINT auth_group_permissions_group_id_permission_id_0cd325b0_uniq UNIQUE (group_id, permission_id);


--
-- Name: auth_group_permissions auth_group_permissions_pkey; Type: CONSTRAINT; Schema: public; Owner: postgres
--

ALTER TABLE ONLY public.auth_group_permissions
    ADD CONSTRAINT auth_group_permissions_pkey PRIMARY KEY (id);


--
-- Name: auth_group auth_group_pkey; Type: CONSTRAINT; Schema: public; Owner: postgres
--

ALTER TABLE ONLY public.auth_group
    ADD CONSTRAINT auth_group_pkey PRIMARY KEY (id);


--
-- Name: auth_permission auth_permission_content_type_id_codename_01ab375a_uniq; Type: CONSTRAINT; Schema: public; Owner: postgres
--

ALTER TABLE ONLY public.auth_permission
    ADD CONSTRAINT auth_permission_content_type_id_codename_01ab375a_uniq UNIQUE (content_type_id, codename);


--
-- Name: auth_permission auth_permission_pkey; Type: CONSTRAINT; Schema: public; Owner: postgres
--

ALTER TABLE ONLY public.auth_permission
    ADD CONSTRAINT auth_permission_pkey PRIMARY KEY (id);


--
-- Name: django_admin_log django_admin_log_pkey; Type: CONSTRAINT; Schema: public; Owner: postgres
--

ALTER TABLE ONLY public.django_admin_log
    ADD CONSTRAINT django_admin_log_pkey PRIMARY KEY (id);


--
-- Name: django_content_type django_content_type_app_label_model_76bd3d3b_uniq; Type: CONSTRAINT; Schema: public; Owner: postgres
--

ALTER TABLE ONLY public.django_content_type
    ADD CONSTRAINT django_content_type_app_label_model_76bd3d3b_uniq UNIQUE (app_label, model);


--
-- Name: django_content_type django_content_type_pkey; Type: CONSTRAINT; Schema: public; Owner: postgres
--

ALTER TABLE ONLY public.django_content_type
    ADD CONSTRAINT django_content_type_pkey PRIMARY KEY (id);


--
-- Name: django_migrations django_migrations_pkey; Type: CONSTRAINT; Schema: public; Owner: postgres
--

ALTER TABLE ONLY public.django_migrations
    ADD CONSTRAINT django_migrations_pkey PRIMARY KEY (id);


--
-- Name: django_session django_session_pkey; Type: CONSTRAINT; Schema: public; Owner: postgres
--

ALTER TABLE ONLY public.django_session
    ADD CONSTRAINT django_session_pkey PRIMARY KEY (session_key);


--
-- Name: fiches_agent fiches_agent_matricule_key; Type: CONSTRAINT; Schema: public; Owner: postgres
--

ALTER TABLE ONLY public.fiches_agent
    ADD CONSTRAINT fiches_agent_matricule_key UNIQUE (matricule);


--
-- Name: fiches_agent fiches_agent_pkey; Type: CONSTRAINT; Schema: public; Owner: postgres
--

ALTER TABLE ONLY public.fiches_agent
    ADD CONSTRAINT fiches_agent_pkey PRIMARY KEY (id);


--
-- Name: fiches_agent fiches_agent_utilisateur_id_key; Type: CONSTRAINT; Schema: public; Owner: postgres
--

ALTER TABLE ONLY public.fiches_agent
    ADD CONSTRAINT fiches_agent_utilisateur_id_key UNIQUE (utilisateur_id);


--
-- Name: fiches_direction fiches_direction_directeur_id_key; Type: CONSTRAINT; Schema: public; Owner: postgres
--

ALTER TABLE ONLY public.fiches_direction
    ADD CONSTRAINT fiches_direction_directeur_id_key UNIQUE (directeur_id);


--
-- Name: fiches_direction fiches_direction_nom_key; Type: CONSTRAINT; Schema: public; Owner: postgres
--

ALTER TABLE ONLY public.fiches_direction
    ADD CONSTRAINT fiches_direction_nom_key UNIQUE (nom);


--
-- Name: fiches_direction fiches_direction_pkey; Type: CONSTRAINT; Schema: public; Owner: postgres
--

ALTER TABLE ONLY public.fiches_direction
    ADD CONSTRAINT fiches_direction_pkey PRIMARY KEY (id);


--
-- Name: fiches_evaluation fiches_evaluation_agent_id_annee_semestre_60ce55c6_uniq; Type: CONSTRAINT; Schema: public; Owner: postgres
--

ALTER TABLE ONLY public.fiches_evaluation
    ADD CONSTRAINT fiches_evaluation_agent_id_annee_semestre_60ce55c6_uniq UNIQUE (agent_id, annee, semestre);


--
-- Name: fiches_evaluation fiches_evaluation_pkey; Type: CONSTRAINT; Schema: public; Owner: postgres
--

ALTER TABLE ONLY public.fiches_evaluation
    ADD CONSTRAINT fiches_evaluation_pkey PRIMARY KEY (id);


--
-- Name: fiches_evaluationstats fiches_evaluationstats_pkey; Type: CONSTRAINT; Schema: public; Owner: postgres
--

ALTER TABLE ONLY public.fiches_evaluationstats
    ADD CONSTRAINT fiches_evaluationstats_pkey PRIMARY KEY (evaluation_id);


--
-- Name: fiches_justificationnote fiches_justificationnote_pkey; Type: CONSTRAINT; Schema: public; Owner: postgres
--

ALTER TABLE ONLY public.fiches_justificationnote
    ADD CONSTRAINT fiches_justificationnote_pkey PRIMARY KEY (id);


--
-- Name: fiches_periodeevaluation fiches_periodeevaluation_annee_semestre_048d3df2_uniq; Type: CONSTRAINT; Schema: public; Owner: postgres
--

ALTER TABLE ONLY public.fiches_periodeevaluation
    ADD CONSTRAINT fiches_periodeevaluation_annee_semestre_048d3df2_uniq UNIQUE (annee, semestre);


--
-- Name: fiches_periodeevaluation fiches_periodeevaluation_pkey; Type: CONSTRAINT; Schema: public; Owner: postgres
--

ALTER TABLE ONLY public.fiches_periodeevaluation
    ADD CONSTRAINT fiches_periodeevaluation_pkey PRIMARY KEY (id);


--
-- Name: fiches_service fiches_service_chef_service_id_key; Type: CONSTRAINT; Schema: public; Owner: postgres
--

ALTER TABLE ONLY public.fiches_service
    ADD CONSTRAINT fiches_service_chef_service_id_key UNIQUE (chef_service_id);


--
-- Name: fiches_service fiches_service_nom_sous_direction_id_d27793f6_uniq; Type: CONSTRAINT; Schema: public; Owner: postgres
--

ALTER TABLE ONLY public.fiches_service
    ADD CONSTRAINT fiches_service_nom_sous_direction_id_d27793f6_uniq UNIQUE (nom, sous_direction_id);


--
-- Name: fiches_service fiches_service_pkey; Type: CONSTRAINT; Schema: public; Owner: postgres
--

ALTER TABLE ONLY public.fiches_service
    ADD CONSTRAINT fiches_service_pkey PRIMARY KEY (id);


--
-- Name: fiches_sousdirection fiches_sousdirection_pkey; Type: CONSTRAINT; Schema: public; Owner: postgres
--

ALTER TABLE ONLY public.fiches_sousdirection
    ADD CONSTRAINT fiches_sousdirection_pkey PRIMARY KEY (id);


--
-- Name: fiches_sousdirection fiches_sousdirection_sous_directeur_id_key; Type: CONSTRAINT; Schema: public; Owner: postgres
--

ALTER TABLE ONLY public.fiches_sousdirection
    ADD CONSTRAINT fiches_sousdirection_sous_directeur_id_key UNIQUE (sous_directeur_id);


--
-- Name: fiches_userprofile fiches_userprofile_pkey; Type: CONSTRAINT; Schema: public; Owner: postgres
--

ALTER TABLE ONLY public.fiches_userprofile
    ADD CONSTRAINT fiches_userprofile_pkey PRIMARY KEY (id);


--
-- Name: fiches_userprofile fiches_userprofile_user_id_key; Type: CONSTRAINT; Schema: public; Owner: postgres
--

ALTER TABLE ONLY public.fiches_userprofile
    ADD CONSTRAINT fiches_userprofile_user_id_key UNIQUE (user_id);


--
-- Name: fiches_utilisateur_groups fiches_utilisateur_groups_pkey; Type: CONSTRAINT; Schema: public; Owner: postgres
--

ALTER TABLE ONLY public.fiches_utilisateur_groups
    ADD CONSTRAINT fiches_utilisateur_groups_pkey PRIMARY KEY (id);


--
-- Name: fiches_utilisateur_groups fiches_utilisateur_groups_utilisateur_id_group_id_4963c5b4_uniq; Type: CONSTRAINT; Schema: public; Owner: postgres
--

ALTER TABLE ONLY public.fiches_utilisateur_groups
    ADD CONSTRAINT fiches_utilisateur_groups_utilisateur_id_group_id_4963c5b4_uniq UNIQUE (utilisateur_id, group_id);


--
-- Name: fiches_utilisateur fiches_utilisateur_matricule_key; Type: CONSTRAINT; Schema: public; Owner: postgres
--

ALTER TABLE ONLY public.fiches_utilisateur
    ADD CONSTRAINT fiches_utilisateur_matricule_key UNIQUE (matricule);


--
-- Name: fiches_utilisateur fiches_utilisateur_pkey; Type: CONSTRAINT; Schema: public; Owner: postgres
--

ALTER TABLE ONLY public.fiches_utilisateur
    ADD CONSTRAINT fiches_utilisateur_pkey PRIMARY KEY (id);


--
-- Name: fiches_utilisateur_user_permissions fiches_utilisateur_user__utilisateur_id_permissio_07178d29_uniq; Type: CONSTRAINT; Schema: public; Owner: postgres
--

ALTER TABLE ONLY public.fiches_utilisateur_user_permissions
    ADD CONSTRAINT fiches_utilisateur_user__utilisateur_id_permissio_07178d29_uniq UNIQUE (utilisateur_id, permission_id);


--
-- Name: fiches_utilisateur_user_permissions fiches_utilisateur_user_permissions_pkey; Type: CONSTRAINT; Schema: public; Owner: postgres
--

ALTER TABLE ONLY public.fiches_utilisateur_user_permissions
    ADD CONSTRAINT fiches_utilisateur_user_permissions_pkey PRIMARY KEY (id);


--
-- Name: fiches_utilisateur fiches_utilisateur_username_key; Type: CONSTRAINT; Schema: public; Owner: postgres
--

ALTER TABLE ONLY public.fiches_utilisateur
    ADD CONSTRAINT fiches_utilisateur_username_key UNIQUE (username);


--
-- Name: auth_group_name_a6ea08ec_like; Type: INDEX; Schema: public; Owner: postgres
--

CREATE INDEX auth_group_name_a6ea08ec_like ON public.auth_group USING btree (name varchar_pattern_ops);


--
-- Name: auth_group_permissions_group_id_b120cbf9; Type: INDEX; Schema: public; Owner: postgres
--

CREATE INDEX auth_group_permissions_group_id_b120cbf9 ON public.auth_group_permissions USING btree (group_id);


--
-- Name: auth_group_permissions_permission_id_84c5c92e; Type: INDEX; Schema: public; Owner: postgres
--

CREATE INDEX auth_group_permissions_permission_id_84c5c92e ON public.auth_group_permissions USING btree (permission_id);


--
-- Name: auth_permission_content_type_id_2f476e4b; Type: INDEX; Schema: public; Owner: postgres
--

CREATE INDEX auth_permission_content_type_id_2f476e4b ON public.auth_permission USING btree (content_type_id);


--
-- Name: django_admin_log_content_type_id_c4bce8eb; Type: INDEX; Schema: public; Owner: postgres
--

CREATE INDEX django_admin_log_content_type_id_c4bce8eb ON public.django_admin_log USING btree (content_type_id);


--
-- Name: django_admin_log_user_id_c564eba6; Type: INDEX; Schema: public; Owner: postgres
--

CREATE INDEX django_admin_log_user_id_c564eba6 ON public.django_admin_log USING btree (user_id);


--
-- Name: django_session_expire_date_a5c62663; Type: INDEX; Schema: public; Owner: postgres
--

CREATE INDEX django_session_expire_date_a5c62663 ON public.django_session USING btree (expire_date);


--
-- Name: django_session_session_key_c0390e0f_like; Type: INDEX; Schema: public; Owner: postgres
--

CREATE INDEX django_session_session_key_c0390e0f_like ON public.django_session USING btree (session_key varchar_pattern_ops);


--
-- Name: fiches_agent_direction_id_c4ba11d7; Type: INDEX; Schema: public; Owner: postgres
--

CREATE INDEX fiches_agent_direction_id_c4ba11d7 ON public.fiches_agent USING btree (direction_id);


--
-- Name: fiches_agent_matricule_a0072f20_like; Type: INDEX; Schema: public; Owner: postgres
--

CREATE INDEX fiches_agent_matricule_a0072f20_like ON public.fiches_agent USING btree (matricule varchar_pattern_ops);


--
-- Name: fiches_agent_service_id_56e7182e; Type: INDEX; Schema: public; Owner: postgres
--

CREATE INDEX fiches_agent_service_id_56e7182e ON public.fiches_agent USING btree (service_id);


--
-- Name: fiches_agent_sous_direction_id_c4b7a6ed; Type: INDEX; Schema: public; Owner: postgres
--

CREATE INDEX fiches_agent_sous_direction_id_c4b7a6ed ON public.fiches_agent USING btree (sous_direction_id);


--
-- Name: fiches_direction_nom_fc1430cb_like; Type: INDEX; Schema: public; Owner: postgres
--

CREATE INDEX fiches_direction_nom_fc1430cb_like ON public.fiches_direction USING btree (nom varchar_pattern_ops);


--
-- Name: fiches_evaluation_agent_id_7e197bb1; Type: INDEX; Schema: public; Owner: postgres
--

CREATE INDEX fiches_evaluation_agent_id_7e197bb1 ON public.fiches_evaluation USING btree (agent_id);


--
-- Name: fiches_evaluation_chef_service_user_id_8c65bc1c; Type: INDEX; Schema: public; Owner: postgres
--

CREATE INDEX fiches_evaluation_chef_service_user_id_8c65bc1c ON public.fiches_evaluation USING btree (chef_service_user_id);


--
-- Name: fiches_evaluation_directeur_user_id_01e72fe1; Type: INDEX; Schema: public; Owner: postgres
--

CREATE INDEX fiches_evaluation_directeur_user_id_01e72fe1 ON public.fiches_evaluation USING btree (directeur_user_id);


--
-- Name: fiches_evaluation_sous_directeur_user_id_7464fce9; Type: INDEX; Schema: public; Owner: postgres
--

CREATE INDEX fiches_evaluation_sous_directeur_user_id_7464fce9 ON public.fiches_evaluation USING btree (sous_directeur_user_id);


--
-- Name: fiches_evaluation_utilisateur_signature_dg_id_6ca8a8d7; Type: INDEX; Schema: public; Owner: postgres
--

CREATE INDEX fiches_evaluation_utilisateur_signature_dg_id_6ca8a8d7 ON public.fiches_evaluation USING btree (utilisateur_signature_dg_id);


--
-- Name: fiches_justificationnote_evaluation_id_045bc46c; Type: INDEX; Schema: public; Owner: postgres
--

CREATE INDEX fiches_justificationnote_evaluation_id_045bc46c ON public.fiches_justificationnote USING btree (evaluation_id);


--
-- Name: fiches_service_sous_direction_id_d88dfe2e; Type: INDEX; Schema: public; Owner: postgres
--

CREATE INDEX fiches_service_sous_direction_id_d88dfe2e ON public.fiches_service USING btree (sous_direction_id);


--
-- Name: fiches_sousdirection_direction_id_f6a09613; Type: INDEX; Schema: public; Owner: postgres
--

CREATE INDEX fiches_sousdirection_direction_id_f6a09613 ON public.fiches_sousdirection USING btree (direction_id);


--
-- Name: fiches_utilisateur_groups_group_id_a63849cb; Type: INDEX; Schema: public; Owner: postgres
--

CREATE INDEX fiches_utilisateur_groups_group_id_a63849cb ON public.fiches_utilisateur_groups USING btree (group_id);


--
-- Name: fiches_utilisateur_groups_utilisateur_id_e0d03620; Type: INDEX; Schema: public; Owner: postgres
--

CREATE INDEX fiches_utilisateur_groups_utilisateur_id_e0d03620 ON public.fiches_utilisateur_groups USING btree (utilisateur_id);


--
-- Name: fiches_utilisateur_matricule_a537f346_like; Type: INDEX; Schema: public; Owner: postgres
--

CREATE INDEX fiches_utilisateur_matricule_a537f346_like ON public.fiches_utilisateur USING btree (matricule varchar_pattern_ops);


--
-- Name: fiches_utilisateur_user_permissions_permission_id_b115c145; Type: INDEX; Schema: public; Owner: postgres
--

CREATE INDEX fiches_utilisateur_user_permissions_permission_id_b115c145 ON public.fiches_utilisateur_user_permissions USING btree (permission_id);


--
-- Name: fiches_utilisateur_user_permissions_utilisateur_id_544fda9e; Type: INDEX; Schema: public; Owner: postgres
--

CREATE INDEX fiches_utilisateur_user_permissions_utilisateur_id_544fda9e ON public.fiches_utilisateur_user_permissions USING btree (utilisateur_id);


--
-- Name: fiches_utilisateur_username_a83e8a8f_like; Type: INDEX; Schema: public; Owner: postgres
--

CREATE INDEX fiches_utilisateur_username_a83e8a8f_like ON public.fiches_utilisateur USING btree (username varchar_pattern_ops);


--
-- Name: auth_group_permissions auth_group_permissio_permission_id_84c5c92e_fk_auth_perm; Type: FK CONSTRAINT; Schema: public; Owner: postgres
--

ALTER TABLE ONLY public.auth_group_permissions
    ADD CONSTRAINT auth_group_permissio_permission_id_84c5c92e_fk_auth_perm FOREIGN KEY (permission_id) REFERENCES public.auth_permission(id) DEFERRABLE INITIALLY DEFERRED;


--
-- Name: auth_group_permissions auth_group_permissions_group_id_b120cbf9_fk_auth_group_id; Type: FK CONSTRAINT; Schema: public; Owner: postgres
--

ALTER TABLE ONLY public.auth_group_permissions
    ADD CONSTRAINT auth_group_permissions_group_id_b120cbf9_fk_auth_group_id FOREIGN KEY (group_id) REFERENCES public.auth_group(id) DEFERRABLE INITIALLY DEFERRED;


--
-- Name: auth_permission auth_permission_content_type_id_2f476e4b_fk_django_co; Type: FK CONSTRAINT; Schema: public; Owner: postgres
--

ALTER TABLE ONLY public.auth_permission
    ADD CONSTRAINT auth_permission_content_type_id_2f476e4b_fk_django_co FOREIGN KEY (content_type_id) REFERENCES public.django_content_type(id) DEFERRABLE INITIALLY DEFERRED;


--
-- Name: django_admin_log django_admin_log_content_type_id_c4bce8eb_fk_django_co; Type: FK CONSTRAINT; Schema: public; Owner: postgres
--

ALTER TABLE ONLY public.django_admin_log
    ADD CONSTRAINT django_admin_log_content_type_id_c4bce8eb_fk_django_co FOREIGN KEY (content_type_id) REFERENCES public.django_content_type(id) DEFERRABLE INITIALLY DEFERRED;


--
-- Name: django_admin_log django_admin_log_user_id_c564eba6_fk_fiches_utilisateur_id; Type: FK CONSTRAINT; Schema: public; Owner: postgres
--

ALTER TABLE ONLY public.django_admin_log
    ADD CONSTRAINT django_admin_log_user_id_c564eba6_fk_fiches_utilisateur_id FOREIGN KEY (user_id) REFERENCES public.fiches_utilisateur(id) DEFERRABLE INITIALLY DEFERRED;


--
-- Name: fiches_agent fiches_agent_direction_id_c4ba11d7_fk_fiches_direction_id; Type: FK CONSTRAINT; Schema: public; Owner: postgres
--

ALTER TABLE ONLY public.fiches_agent
    ADD CONSTRAINT fiches_agent_direction_id_c4ba11d7_fk_fiches_direction_id FOREIGN KEY (direction_id) REFERENCES public.fiches_direction(id) DEFERRABLE INITIALLY DEFERRED;


--
-- Name: fiches_agent fiches_agent_service_id_56e7182e_fk_fiches_service_id; Type: FK CONSTRAINT; Schema: public; Owner: postgres
--

ALTER TABLE ONLY public.fiches_agent
    ADD CONSTRAINT fiches_agent_service_id_56e7182e_fk_fiches_service_id FOREIGN KEY (service_id) REFERENCES public.fiches_service(id) DEFERRABLE INITIALLY DEFERRED;


--
-- Name: fiches_agent fiches_agent_sous_direction_id_c4b7a6ed_fk_fiches_so; Type: FK CONSTRAINT; Schema: public; Owner: postgres
--

ALTER TABLE ONLY public.fiches_agent
    ADD CONSTRAINT fiches_agent_sous_direction_id_c4b7a6ed_fk_fiches_so FOREIGN KEY (sous_direction_id) REFERENCES public.fiches_sousdirection(id) DEFERRABLE INITIALLY DEFERRED;


--
-- Name: fiches_agent fiches_agent_utilisateur_id_c8ccf13a_fk_fiches_utilisateur_id; Type: FK CONSTRAINT; Schema: public; Owner: postgres
--

ALTER TABLE ONLY public.fiches_agent
    ADD CONSTRAINT fiches_agent_utilisateur_id_c8ccf13a_fk_fiches_utilisateur_id FOREIGN KEY (utilisateur_id) REFERENCES public.fiches_utilisateur(id) DEFERRABLE INITIALLY DEFERRED;


--
-- Name: fiches_direction fiches_direction_directeur_id_3d25afa8_fk_fiches_utilisateur_id; Type: FK CONSTRAINT; Schema: public; Owner: postgres
--

ALTER TABLE ONLY public.fiches_direction
    ADD CONSTRAINT fiches_direction_directeur_id_3d25afa8_fk_fiches_utilisateur_id FOREIGN KEY (directeur_id) REFERENCES public.fiches_utilisateur(id) DEFERRABLE INITIALLY DEFERRED;


--
-- Name: fiches_evaluation fiches_evaluation_agent_id_7e197bb1_fk_fiches_agent_id; Type: FK CONSTRAINT; Schema: public; Owner: postgres
--

ALTER TABLE ONLY public.fiches_evaluation
    ADD CONSTRAINT fiches_evaluation_agent_id_7e197bb1_fk_fiches_agent_id FOREIGN KEY (agent_id) REFERENCES public.fiches_agent(id) DEFERRABLE INITIALLY DEFERRED;


--
-- Name: fiches_evaluation fiches_evaluation_chef_service_user_id_8c65bc1c_fk_fiches_ut; Type: FK CONSTRAINT; Schema: public; Owner: postgres
--

ALTER TABLE ONLY public.fiches_evaluation
    ADD CONSTRAINT fiches_evaluation_chef_service_user_id_8c65bc1c_fk_fiches_ut FOREIGN KEY (chef_service_user_id) REFERENCES public.fiches_utilisateur(id) DEFERRABLE INITIALLY DEFERRED;


--
-- Name: fiches_evaluation fiches_evaluation_directeur_user_id_01e72fe1_fk_fiches_ut; Type: FK CONSTRAINT; Schema: public; Owner: postgres
--

ALTER TABLE ONLY public.fiches_evaluation
    ADD CONSTRAINT fiches_evaluation_directeur_user_id_01e72fe1_fk_fiches_ut FOREIGN KEY (directeur_user_id) REFERENCES public.fiches_utilisateur(id) DEFERRABLE INITIALLY DEFERRED;


--
-- Name: fiches_evaluation fiches_evaluation_sous_directeur_user__7464fce9_fk_fiches_ut; Type: FK CONSTRAINT; Schema: public; Owner: postgres
--

ALTER TABLE ONLY public.fiches_evaluation
    ADD CONSTRAINT fiches_evaluation_sous_directeur_user__7464fce9_fk_fiches_ut FOREIGN KEY (sous_directeur_user_id) REFERENCES public.fiches_utilisateur(id) DEFERRABLE INITIALLY DEFERRED;


--
-- Name: fiches_evaluation fiches_evaluation_utilisateur_signatur_6ca8a8d7_fk_fiches_ut; Type: FK CONSTRAINT; Schema: public; Owner: postgres
--

ALTER TABLE ONLY public.fiches_evaluation
    ADD CONSTRAINT fiches_evaluation_utilisateur_signatur_6ca8a8d7_fk_fiches_ut FOREIGN KEY (utilisateur_signature_dg_id) REFERENCES public.fiches_utilisateur(id) DEFERRABLE INITIALLY DEFERRED;


--
-- Name: fiches_evaluationstats fiches_evaluationsta_evaluation_id_c8a7224d_fk_fiches_ev; Type: FK CONSTRAINT; Schema: public; Owner: postgres
--

ALTER TABLE ONLY public.fiches_evaluationstats
    ADD CONSTRAINT fiches_evaluationsta_evaluation_id_c8a7224d_fk_fiches_ev FOREIGN KEY (evaluation_id) REFERENCES public.fiches_evaluation(id) DEFERRABLE INITIALLY DEFERRED;


--
-- Name: fiches_justificationnote fiches_justification_evaluation_id_045bc46c_fk_fiches_ev; Type: FK CONSTRAINT; Schema: public; Owner: postgres
--

ALTER TABLE ONLY public.fiches_justificationnote
    ADD CONSTRAINT fiches_justification_evaluation_id_045bc46c_fk_fiches_ev FOREIGN KEY (evaluation_id) REFERENCES public.fiches_evaluation(id) DEFERRABLE INITIALLY DEFERRED;


--
-- Name: fiches_service fiches_service_chef_service_id_3efbd289_fk_fiches_ut; Type: FK CONSTRAINT; Schema: public; Owner: postgres
--

ALTER TABLE ONLY public.fiches_service
    ADD CONSTRAINT fiches_service_chef_service_id_3efbd289_fk_fiches_ut FOREIGN KEY (chef_service_id) REFERENCES public.fiches_utilisateur(id) DEFERRABLE INITIALLY DEFERRED;


--
-- Name: fiches_service fiches_service_sous_direction_id_d88dfe2e_fk_fiches_so; Type: FK CONSTRAINT; Schema: public; Owner: postgres
--

ALTER TABLE ONLY public.fiches_service
    ADD CONSTRAINT fiches_service_sous_direction_id_d88dfe2e_fk_fiches_so FOREIGN KEY (sous_direction_id) REFERENCES public.fiches_sousdirection(id) DEFERRABLE INITIALLY DEFERRED;


--
-- Name: fiches_sousdirection fiches_sousdirection_direction_id_f6a09613_fk_fiches_di; Type: FK CONSTRAINT; Schema: public; Owner: postgres
--

ALTER TABLE ONLY public.fiches_sousdirection
    ADD CONSTRAINT fiches_sousdirection_direction_id_f6a09613_fk_fiches_di FOREIGN KEY (direction_id) REFERENCES public.fiches_direction(id) DEFERRABLE INITIALLY DEFERRED;


--
-- Name: fiches_sousdirection fiches_sousdirection_sous_directeur_id_2d7ce985_fk_fiches_ut; Type: FK CONSTRAINT; Schema: public; Owner: postgres
--

ALTER TABLE ONLY public.fiches_sousdirection
    ADD CONSTRAINT fiches_sousdirection_sous_directeur_id_2d7ce985_fk_fiches_ut FOREIGN KEY (sous_directeur_id) REFERENCES public.fiches_utilisateur(id) DEFERRABLE INITIALLY DEFERRED;


--
-- Name: fiches_userprofile fiches_userprofile_user_id_977816ae_fk_fiches_utilisateur_id; Type: FK CONSTRAINT; Schema: public; Owner: postgres
--

ALTER TABLE ONLY public.fiches_userprofile
    ADD CONSTRAINT fiches_userprofile_user_id_977816ae_fk_fiches_utilisateur_id FOREIGN KEY (user_id) REFERENCES public.fiches_utilisateur(id) DEFERRABLE INITIALLY DEFERRED;


--
-- Name: fiches_utilisateur_groups fiches_utilisateur_g_utilisateur_id_e0d03620_fk_fiches_ut; Type: FK CONSTRAINT; Schema: public; Owner: postgres
--

ALTER TABLE ONLY public.fiches_utilisateur_groups
    ADD CONSTRAINT fiches_utilisateur_g_utilisateur_id_e0d03620_fk_fiches_ut FOREIGN KEY (utilisateur_id) REFERENCES public.fiches_utilisateur(id) DEFERRABLE INITIALLY DEFERRED;


--
-- Name: fiches_utilisateur_groups fiches_utilisateur_groups_group_id_a63849cb_fk_auth_group_id; Type: FK CONSTRAINT; Schema: public; Owner: postgres
--

ALTER TABLE ONLY public.fiches_utilisateur_groups
    ADD CONSTRAINT fiches_utilisateur_groups_group_id_a63849cb_fk_auth_group_id FOREIGN KEY (group_id) REFERENCES public.auth_group(id) DEFERRABLE INITIALLY DEFERRED;


--
-- Name: fiches_utilisateur_user_permissions fiches_utilisateur_u_permission_id_b115c145_fk_auth_perm; Type: FK CONSTRAINT; Schema: public; Owner: postgres
--

ALTER TABLE ONLY public.fiches_utilisateur_user_permissions
    ADD CONSTRAINT fiches_utilisateur_u_permission_id_b115c145_fk_auth_perm FOREIGN KEY (permission_id) REFERENCES public.auth_permission(id) DEFERRABLE INITIALLY DEFERRED;


--
-- Name: fiches_utilisateur_user_permissions fiches_utilisateur_u_utilisateur_id_544fda9e_fk_fiches_ut; Type: FK CONSTRAINT; Schema: public; Owner: postgres
--

ALTER TABLE ONLY public.fiches_utilisateur_user_permissions
    ADD CONSTRAINT fiches_utilisateur_u_utilisateur_id_544fda9e_fk_fiches_ut FOREIGN KEY (utilisateur_id) REFERENCES public.fiches_utilisateur(id) DEFERRABLE INITIALLY DEFERRED;


--
-- PostgreSQL database dump complete
--

